case_id,concept_tag,status,reviewer,ai_root_cause,corrected_answer,notes
C001,VLAN,Accepted,J. Alvarez,"Fa0/2 is on default VLAN 1 instead of VLAN 10, so PC2 is in a different broadcast domain than PC1.",,AI diagnosis matched the known-correct root cause and cited valid evidence. Approved as-is.
C002,VLAN,Accepted,M. Chen,VLAN 20 is not in the trunk's allowed VLAN list on SW1.,,AI diagnosis matched the known-correct root cause and cited valid evidence. Approved as-is.
C003,VLAN,Accepted,J. Alvarez,Fa0/5 was never assigned to VLAN 30 and remains on default VLAN 1.,,AI diagnosis matched the known-correct root cause and cited valid evidence. Approved as-is.
C004,VLAN,Accepted,M. Chen,Sub-interface Gi0/0.30 is administratively down.,,AI diagnosis matched the known-correct root cause and cited valid evidence. Approved as-is.
C005,VLAN,Rejected,J. Alvarez,"The IP phone is not receiving power/registering correctly, likely a PoE issue.","Root cause is a missing voice VLAN configuration on Fa0/3 (switchport voice vlan 110 never applied), not a PoE/power issue.","AI had almost no interface/power evidence to work with and guessed PoE. It should have asked for 'show interfaces fa0/3 switchport' before proposing a cause, and its own confidence should have been lower than it stated."
C006,VLAN,Edited,J. Alvarez,SW2's VTP configuration revision is stale and needs to be reset.,"Root cause is that SW2 did not receive the VTP update because the trunk link was down at the time of the change, not a stale revision counter.","AI focused on the revision number match and suggested resetting VTP, which would not fix a trunk-availability problem and risks wiping the VLAN database unnecessarily. Reviewer redirected the fix to checking trunk state first."
C007,Gateway,Accepted,J. Alvarez,PC1's default gateway (192.168.1.100) does not match R1's interface IP (192.168.1.1).,,AI diagnosis matched the known-correct root cause and cited valid evidence. Approved as-is.
C008,Gateway,Accepted,M. Chen,"The VLAN 10 SVI is administratively down, so it cannot route as the gateway.",,AI diagnosis matched the known-correct root cause and cited valid evidence. Approved as-is.
C009,Gateway,Accepted,J. Alvarez,ip routing is not enabled globally on the multilayer switch.,,AI diagnosis matched the known-correct root cause and cited valid evidence. Approved as-is.
C010,Gateway,Edited,M. Chen,The DHCP relay agent is not configured on the VLAN 30 interface.,"Root cause is a missing 'default-router' line inside the DHCP pool itself, not a missing DHCP relay/helper-address (R1 IS the DHCP server here, one hop away, no relay is needed).","AI defaulted to its most common DHCP pattern (missing helper-address) without checking that the DHCP server is local to the VLAN in this topology, so a relay was never the issue."
C011,Gateway,Accepted,J. Alvarez,Subnet mask mismatch between the server (/25) and the router interface (/24) on the same segment.,,AI diagnosis matched the known-correct root cause and cited valid evidence. Approved as-is.
C012,DHCP,Accepted,M. Chen,"Missing ip helper-address on the VLAN 40 SVI, so DHCP broadcasts never reach the DHCP server.",,AI diagnosis matched the known-correct root cause and cited valid evidence. Approved as-is.
C013,DHCP,Accepted,J. Alvarez,"The DHCP pool for VLAN 10 is too small (/28) for the number of hosts, exhausting available addresses.",,AI diagnosis matched the known-correct root cause and cited valid evidence. Approved as-is.
C014,DHCP,Accepted,M. Chen,A duplicate/legacy DHCP pool (TESTPOOL) is overlapping and serving the wrong gateway.,,AI diagnosis matched the known-correct root cause and cited valid evidence. Approved as-is.
C015,DHCP,Accepted,J. Alvarez,"Static printer IP was never excluded from the DHCP pool, causing a duplicate/conflicting lease.",,AI diagnosis matched the known-correct root cause and cited valid evidence. Approved as-is.
C016,DHCP,Rejected,M. Chen,A specific host on VLAN 50 has a firewall blocking DHCP broadcasts.,"Root cause is 'no service dhcp' globally disabling the DHCP process on the router, confirmed by the missing 'service dhcp' line in the running-config.","AI's confidence was correctly marked low, but it guessed a single-host firewall issue when the symptom (NO PC in the VLAN gets an address) pointed to a router-wide DHCP outage. Reviewer used the next_command it should have asked for."
C017,DNS,Accepted,J. Alvarez,The DNS A record for fileserver.corp.local does not exist on the DNS server.,,AI diagnosis matched the known-correct root cause and cited valid evidence. Approved as-is.
C018,DNS,Accepted,M. Chen,"The DHCP pool for VLAN 10 never specifies a dns-server, so clients have no resolver configured.",,AI diagnosis matched the known-correct root cause and cited valid evidence. Approved as-is.
C019,DNS,Rejected,J. Alvarez,The affected PC's network cable or NIC driver is faulty.,Root cause is the PC's DNS server statically set to 127.0.0.1 (itself) instead of the real DNS server 192.168.1.53.,"AI jumped to a Layer 1 cable/driver explanation without requesting 'ipconfig /all', which was the single most useful piece of evidence and was available in the case data."
C020,DNS,Accepted,M. Chen,The internal DNS server has no forwarder configured for external domain queries.,,AI diagnosis matched the known-correct root cause and cited valid evidence. Approved as-is.
C021,Routing,Accepted,J. Alvarez,R1's static route destination network has a typo (192.168.3.0 instead of 192.168.2.0).,,AI diagnosis matched the known-correct root cause and cited valid evidence. Approved as-is.
C022,Routing,Edited,M. Chen,"R1 and R2 are configured with mismatched OSPF process IDs, preventing adjacency.","Root cause is an OSPF area mismatch (R1 advertises area 0, R2 advertises area 1 for the same link), not a process ID mismatch.",Process IDs are locally significant and don't need to match between routers; the AI cited the wrong OSPF parameter. The area mismatch shown in the running-config is the actual blocker.
C023,Routing,Accepted,J. Alvarez,The static route for 192.168.99.0/24 points to a next-hop IP that is not a real device on that subnet.,,AI diagnosis matched the known-correct root cause and cited valid evidence. Approved as-is.
C024,Routing,Accepted,M. Chen,"R3, the new transit router, has no routing protocol or static routes configured.",,AI diagnosis matched the known-correct root cause and cited valid evidence. Approved as-is.
C025,Routing,Edited,J. Alvarez,A duplex mismatch on one of the equal-cost links is causing CRC errors and intermittent loss.,"Same root cause (duplex mismatch); edited only to add that BOTH ends should be set to the same fixed duplex/speed rather than assuming auto-negotiation will fix it, since auto/manual mismatches are the most common real-world cause of this exact symptom.","Not wrong, just underspecified. Reviewer added the practical detail before sign-off."
C026,Routing,Rejected,J. Alvarez,OSPF adjacency between R1 and R2 has failed due to a hello/dead timer mismatch.,"Root cause is the OSPF area range mask on the ABR (R2) being /24 instead of the intended /22, so the summary doesn't cover all subordinate subnets.","AI invented a hello/dead timer mismatch that isn't supported by any evidence in the case; neighbors were already stated as FULL, which rules out a timer problem entirely."
C027,ACL,Accepted,J. Alvarez,"ACL 101 only permits ICMP to the server and implicitly denies all other traffic, including the TCP ports needed for file/web access.",,AI diagnosis matched the known-correct root cause and cited valid evidence. Approved as-is.
C028,ACL,Accepted,M. Chen,The GUEST-ACL exists with correct rules but was never applied to the VLAN 60 interface.,,AI diagnosis matched the known-correct root cause and cited valid evidence. Approved as-is.
C029,ACL,Edited,M. Chen,The ADMIN-ACL access-class is missing from the VTY lines entirely.,"Root cause is that the ADMIN-ACL entry has source and destination reversed (matches traffic sourced from port 22, not destined to port 22), not a missing access-class.","AI's evidence field actually noticed the direction problem but then wrote a root_cause about the access-class being 'missing,' which contradicts its own evidence citation. Reviewer corrected the root_cause to match the evidence."
C030,ACL,Accepted,M. Chen,"ACL 110 has only a deny statement, so the implicit deny-all at the end blocks all traffic, not just the intended subnet.",,AI diagnosis matched the known-correct root cause and cited valid evidence. Approved as-is.
C031,NAT,Accepted,J. Alvarez,"The inside LAN interface (Gi0/0) is missing 'ip nat inside', so NAT never triggers.",,AI diagnosis matched the known-correct root cause and cited valid evidence. Approved as-is.
C032,NAT,Rejected,M. Chen,"The ISP link itself is down, so no NAT translations can succeed.","Root cause is a wrong internal port in the static NAT mapping (8080 configured, server listens on 80), not a WAN link outage.","Case data explicitly stated the WAN/ISP link was fine ('works internally'); AI ignored that detail and proposed checking the WAN interface, which had already been ruled out by the topology note."
C033,NAT,Accepted,J. Alvarez,"The NAT overload ACL (ACL 1) does not include the 192.168.50.0/24 network, so it is never translated.",,AI diagnosis matched the known-correct root cause and cited valid evidence. Approved as-is.
C034,Wireless,Accepted,M. Chen,"Missing ip helper-address on the VLAN 15 SVI, so wireless DHCP requests never reach the DHCP server.",,AI diagnosis matched the known-correct root cause and cited valid evidence. Approved as-is.
C035,Wireless,Accepted,J. Alvarez,"Both APs are on the same channel with overlapping coverage, causing co-channel interference.",,AI diagnosis matched the known-correct root cause and cited valid evidence. Approved as-is.
C036,Wireless,Accepted,M. Chen,GUEST-ACL was never applied to the VLAN 60 interface.,,AI diagnosis matched the known-correct root cause and cited valid evidence. Approved as-is.
