case_id,concept_tag,possible_issues
C001,VLAN,missing_vlan;missing_route
C002,VLAN,none
C003,VLAN,none
C004,VLAN,interface_down
C005,VLAN,missing_vlan
C006,VLAN,none
C007,Gateway,gateway_mismatch
C008,Gateway,interface_down
C009,Gateway,missing_route
C010,Gateway,gateway_mismatch
C011,Gateway,wrong_mask
C012,DHCP,none
C013,DHCP,none
C014,DHCP,duplicate_ip
C015,DHCP,duplicate_ip
C016,DHCP,duplicate_ip
C017,DNS,none
C018,DNS,gateway_mismatch
C019,DNS,none
C020,DNS,none
C021,Routing,missing_route
C022,Routing,none
C023,Routing,none
C024,Routing,missing_route
C025,Routing,interface_down
C026,Routing,wrong_mask
C027,ACL,none
C028,ACL,none
C029,ACL,none
C030,ACL,none
C031,NAT,none
C032,NAT,none
C033,NAT,missing_route
C034,Wireless,none
C035,Wireless,none
C036,Wireless,none
